-- phpMyAdmin SQL Dump
-- version 5.2.1
-- https://www.phpmyadmin.net/
--
-- Host: mysql.rbrheating.com
-- Generation Time: Jul 10, 2023 at 09:00 AM
-- Server version: 8.0.28-0ubuntu0.20.04.3
-- PHP Version: 7.4.3-4ubuntu2.18

SET SQL_MODE = "NO_AUTO_VALUE_ON_ZERO";
START TRANSACTION;
SET time_zone = "+00:00";


/*!40101 SET @OLD_CHARACTER_SET_CLIENT=@@CHARACTER_SET_CLIENT */;
/*!40101 SET @OLD_CHARACTER_SET_RESULTS=@@CHARACTER_SET_RESULTS */;
/*!40101 SET @OLD_COLLATION_CONNECTION=@@COLLATION_CONNECTION */;
/*!40101 SET NAMES utf8mb4 */;

--
-- Database: `rbrheating`
--

-- --------------------------------------------------------

--
-- Table structure for table `inventory`
--

CREATE TABLE `inventory` (
  `code` varchar(20) COLLATE utf8mb4_general_ci NOT NULL,
  `name` text COLLATE utf8mb4_general_ci NOT NULL,
  `stock` int NOT NULL,
  `url` text COLLATE utf8mb4_general_ci NOT NULL,
  `order_qty` int NOT NULL,
  `unit_cost` decimal(10,0) NOT NULL,
  `postage` decimal(10,0) NOT NULL
) ENGINE=InnoDB DEFAULT CHARSET=utf8mb4 COLLATE=utf8mb4_general_ci;

-- --------------------------------------------------------

--
-- Table structure for table `relays`
--

CREATE TABLE `relays` (
  `mac` char(18) CHARACTER SET utf8mb4 COLLATE utf8mb4_general_ci NOT NULL,
  `sensor` char(20) CHARACTER SET utf8mb4 COLLATE utf8mb4_general_ci NOT NULL,
  `relay` char(3) CHARACTER SET utf8mb4 COLLATE utf8mb4_general_ci NOT NULL DEFAULT 'off'
) ENGINE=InnoDB DEFAULT CHARSET=utf8mb4 COLLATE=utf8mb4_general_ci;

--
-- Dumping data for table `relays`
--

INSERT INTO `relays` (`mac`, `sensor`, `relay`) VALUES
('18:c2:00:73:46:ff', '10.168.31.107', 'off'),
('18:c2:00:73:46:ff', '10.168.31.109', 'off'),
('18:c2:00:73:46:ff', '10.168.31.111', 'off'),
('18:c2:00:73:46:ff', '10.168.31.112', 'off'),
('18:c2:00:73:46:ff', 'a4:c1:38:0d:64:7c', 'off'),
('80:3f:5d:a3:4f:09', '172.24.1.101', 'off'),
('80:3f:5d:a3:4f:09', 'a4:c1:38:2a:13:ea', 'off'),
('80:3f:5d:a3:4f:09', 'a4:c1:38:80:09:33', 'off'),
('80:3f:5d:a3:4f:09', 'a4:c1:38:91:cc:14', 'off'),
('80:3f:5d:a3:4f:09', 'a4:c1:38:b3:51:b2', 'off'),
('80:3f:5d:a3:4f:09', 'a4:c1:38:f4:70:07', 'off'),
('80:3f:5d:a3:5e:86', 'a4:c1:38:ac:3c:8b', 'off'),
('80:3f:5d:a3:5e:86', 'a4:c1:38:ec:43:19', 'off'),
('98:28:3a:de:92:0f', 'a4:c1:38:2a:13:ea', 'on'),
('98:28:3a:de:92:0f', 'a4:c1:38:80:09:33', 'off'),
('98:28:3a:de:92:0f', 'a4:c1:38:91:cc:14', 'on'),
('98:28:3a:de:92:0f', 'a4:c1:38:b3:51:b2', 'off'),
('e8:4e:06:26:cd:cb', '172.24.1.101', 'off'),
('e8:4e:06:26:cd:cb', 'a4:c1:38:ac:3c:8b', 'off'),
('e8:4e:06:26:cd:cb', 'a4:c1:38:ec:43:19', 'off');

-- --------------------------------------------------------

--
-- Table structure for table `stats`
--

CREATE TABLE `stats` (
  `day` int NOT NULL,
  `mac` char(18) CHARACTER SET utf8mb4 COLLATE utf8mb4_general_ci NOT NULL,
  `sensor` char(20) CHARACTER SET utf8mb4 COLLATE utf8mb4_general_ci NOT NULL,
  `start` int NOT NULL DEFAULT '0',
  `duration` int NOT NULL DEFAULT '0'
) ENGINE=InnoDB DEFAULT CHARSET=utf8mb4 COLLATE=utf8mb4_general_ci;

-- --------------------------------------------------------

--
-- Table structure for table `systems`
--

CREATE TABLE `systems` (
  `mac` char(17) CHARACTER SET utf8mb4 COLLATE utf8mb4_general_ci NOT NULL,
  `password` char(6) CHARACTER SET utf8mb4 COLLATE utf8mb4_general_ci NOT NULL,
  `ts` int NOT NULL,
  `last` int NOT NULL,
  `request` text CHARACTER SET utf8mb4 COLLATE utf8mb4_general_ci NOT NULL,
  `confirm` char(1) COLLATE utf8mb4_general_ci DEFAULT NULL,
  `sensors` text CHARACTER SET utf8mb4 COLLATE utf8mb4_general_ci NOT NULL,
  `map` text CHARACTER SET utf8mb4 COLLATE utf8mb4_general_ci NOT NULL,
  `config` text COLLATE utf8mb4_general_ci NOT NULL,
  `test` text COLLATE utf8mb4_general_ci NOT NULL
) ENGINE=InnoDB DEFAULT CHARSET=utf8mb4 COLLATE=utf8mb4_general_ci;

--
-- Dumping data for table `systems`
--

INSERT INTO `systems` (`mac`, `password`, `ts`, `last`, `request`, `confirm`, `sensors`, `map`, `config`, `test`) VALUES
('02:00:ab:12:c9:b8', '140909', 1671655852, 1672675837, '', NULL, 'eyJhY3R1YWwiOiAwLCAic3RhdHVzIjogIiIsICJ2ZXJzaW9uIjogIjQyIn0=', 'eyJwcm9maWxlcyI6W3sibmFtZSI6IlNpbXVsYXRvciIsInJvb21zIjpbeyJuYW1lIjoiS2l0Y2hlbiAiLCJzZW5zb3IiOiJzaW0uMCIsInJlbGF5cyI6WyIiXSwibW9kZSI6InRpbWVkIiwidGFyZ2V0IjoiMjIuMCIsImV2ZW50cyI6W3sidGVtcCI6IjE1LjAiLCJ1bnRpbCI6IjA3OjMwIn0seyJ1bnRpbCI6IjA5OjAwIiwidGVtcCI6IjIxLjAifSx7InVudGlsIjoiMTI6MzAiLCJ0ZW1wIjoiMTUuMCJ9LHsidW50aWwiOiIxNDowMCIsInRlbXAiOiIyMi4wIn0seyJ1bnRpbCI6IjE3OjAwIiwidGVtcCI6IjE1LjAifSx7InVudGlsIjoiMjA6MDAiLCJ0ZW1wIjoiMjIuMCJ9XSwicmVsYXlUeXBlIjoiU2ltdWxhdG9yIiwicHJvdGVjdCI6Im5vIiwiYm9vc3QiOjAsImFkdmFuY2UiOiItIn0seyJuYW1lIjoiTG91bmdlIiwic2Vuc29yIjoic2ltLjEiLCJyZWxheXMiOlsiIl0sIm1vZGUiOiJ0aW1lZCIsInRhcmdldCI6MjAsImV2ZW50cyI6W3sidW50aWwiOiIwOTowMCIsInRlbXAiOiIxNS4wIn0seyJ1bnRpbCI6IjIzOjAwIiwidGVtcCI6IjIzLjAifV0sInJlbGF5Ijoib2ZmIiwicmVsYXlUeXBlIjoiU2ltdWxhdG9yIiwicHJvdGVjdCI6Im5vIiwiYm9vc3QiOjAsImFkdmFuY2UiOiItIn0seyJuYW1lIjoiSGFsbCIsInNlbnNvciI6InNpbS4yIiwicmVsYXlzIjpbIiJdLCJtb2RlIjoidGltZWQiLCJ0YXJnZXQiOjIwLCJldmVudHMiOlt7InVudGlsIjoiMDc6MDAiLCJ0ZW1wIjoiMTUuMCJ9LHsidW50aWwiOiIwOTowMCIsInRlbXAiOiIxOS41In0seyJ1bnRpbCI6IjE2OjAwIiwidGVtcCI6IjE2LjAifSx7InVudGlsIjoiMjM6MDAiLCJ0ZW1wIjoiMjIuMCJ9XSwicmVsYXkiOiJvZmYiLCJyZWxheVR5cGUiOiJTaW11bGF0b3IiLCJwcm90ZWN0Ijoibm8iLCJib29zdCI6MCwiYWR2YW5jZSI6IkMifSx7Im5hbWUiOiJCZWRyb29tIDEiLCJzZW5zb3IiOiJzaW0uMyIsInJlbGF5cyI6WyIiXSwibW9kZSI6InRpbWVkIiwidGFyZ2V0IjoyMCwiZXZlbnRzIjpbeyJ1bnRpbCI6IjA3OjAwIiwidGVtcCI6IjE1LjAifSx7InVudGlsIjoiMDk6MDAiLCJ0ZW1wIjoiMjEuMCJ9LHsidW50aWwiOiIyMjowMCIsInRlbXAiOiIxNS4wIn0seyJ1bnRpbCI6IjIzOjAwIiwidGVtcCI6IjIyLjAifV0sInJlbGF5Ijoib2ZmIiwicmVsYXlUeXBlIjoiU2ltdWxhdG9yIiwicHJvdGVjdCI6Im5vIiwiYm9vc3QiOjAsImFkdmFuY2UiOiItIn0seyJuYW1lIjoiQmVkcm9vbSAyIiwic2Vuc29yIjoic2ltLjQiLCJyZWxheXMiOlsiIl0sIm1vZGUiOiJvbiIsInRhcmdldCI6IjIyLjAiLCJldmVudHMiOlt7InVudGlsIjoiMDc6MDAiLCJ0ZW1wIjoxNX1dLCJyZWxheSI6Im9mZiIsInJlbGF5VHlwZSI6IlNpbXVsYXRvciIsInByb3RlY3QiOiJubyIsImFkdmFuY2UiOiItIiwiYm9vc3QiOjB9XSwibWVzc2FnZSI6Ik9LIn1dLCJwcm9maWxlIjowLCJuYW1lIjoiU2ltdWxhdGlvbiBzeXN0ZW0iLCJtZXNzYWdlIjoiT0sifQ==', '', ''),
('02:00:f2:04:1d:e2', '233654', 1668264543, 1669912302, '', NULL, 'eyIxOTIuMTY4LjAuMTEwIjogeyJ0ZW1wZXJhdHVyZSI6ICIxOS42IiwgInRpbWVzdGFtcCI6ICIxNjY4MjY5Mjk0IiwgInJlbGF5IjogIm9mZiJ9fQ==', 'eyJwcm9maWxlcyI6W3sibmFtZSI6IlVubmFtZWQiLCJyb29tcyI6W3sibmFtZSI6IkxvdW5nZSIsInNlbnNvciI6IjE5Mi4xNjguMC4xMTAiLCJyZWxheXMiOlsiMTkyLjE2OC4wLjI0MCJdLCJtb2RlIjoib2ZmIiwidGFyZ2V0IjoiMC4wIiwiZXZlbnRzIjpbXSwicmVsYXlUeXBlIjoiVFAtTGluayBQMTAwIiwicDEwMEVtYWlsIjoiYS5qb25lczEyMUBidGludGVybmV0LmNvbSIsInAxMDBQYXNzd29yZCI6IlVrcmFpbmUyIiwiYWR2YW5jZSI6Ii0ifV0sIm1lc3NhZ2UiOiJPSyJ9XSwicHJvZmlsZSI6MCwibWVzc2FnZSI6ImNvbmZpcm0iLCJuYW1lIjoiRGF2aWQgYXQgTGlkZ2V0dCBMYW5lIiwiZGVmYXVsdC1wcm9maWxlLW5hbWUiOiJEZWZhdWx0In0=', '', ''),
('18:c2:00:73:46:ff', '430809', 1684157524, 1688418960, '', '', 'eyJhY3R1YWwiOiAwLCAic3RhdHVzIjogIiIsICJhNDpjMTozODowZDo2NDo3YyI6IHsidGVtcGVyYXR1cmUiOiAiMjQuNSIsICJ0aW1lc3RhbXAiOiAiMTY4OTAwNDc2NCIsICJiYXR0ZXJ5IjogIjc4IiwgIlJTU0kiOiAiLTc1IiwgInN0YXR1cyI6ICJHb29kIiwgInJlbGF5IjogIm9mZiIsICJhZHZhbmNlIjogIi0ifSwgIjEwLjE2OC4zMS4xMDkiOiB7InRlbXBlcmF0dXJlIjogIjIzLjEiLCAidGltZXN0YW1wIjogIjE2ODkwMDQ3MzQiLCAiYmF0dGVyeSI6ICIxMDAiLCAic3RhdHVzIjogIkdvb2QiLCAicmVsYXkiOiAib2ZmIiwgImFkdmFuY2UiOiAiLSJ9LCAiMTAuMTY4LjMxLjEwNyI6IHsidGVtcGVyYXR1cmUiOiAiMjMuOSIsICJ0aW1lc3RhbXAiOiAiMTY4OTAwNDcxMiIsICJiYXR0ZXJ5IjogIjEwMCIsICJzdGF0dXMiOiAiR29vZCIsICJyZWxheSI6ICJvZmYiLCAiYWR2YW5jZSI6ICItIn0sICIxMC4xNjguMzEuMTExIjogeyJ0ZW1wZXJhdHVyZSI6ICIyNC44IiwgInRpbWVzdGFtcCI6ICIxNjg5MDA0Mzc5IiwgImJhdHRlcnkiOiAiMTAwIiwgInN0YXR1cyI6ICJHb29kIiwgInJlbGF5IjogIm9mZiIsICJhZHZhbmNlIjogIi0ifSwgIjEwLjE2OC4zMS4xMTIiOiB7InRlbXBlcmF0dXJlIjogIjIzLjMiLCAidGltZXN0YW1wIjogIjE2ODkwMDQ3OTUiLCAiYmF0dGVyeSI6ICIxMDAiLCAic3RhdHVzIjogIkdvb2QiLCAicmVsYXkiOiAib2ZmIiwgImFkdmFuY2UiOiAiLSJ9LCAidmVyc2lvbiI6ICI1MCJ9', 'eyJwcm9maWxlcyI6W3sibmFtZSI6IkRlZmF1bHQiLCJyb29tcyI6W3sibmFtZSI6IlJXIFJvb20iLCJzZW5zb3IiOiJhNDpjMTozODowZDo2NDo3YyIsInJlbGF5cyI6WyIxMC4xNjguMzEuMTA0Il0sIm1vZGUiOiJvZmYiLCJ0YXJnZXQiOiIwLjAiLCJldmVudHMiOltdLCJwcm90ZWN0Ijoibm8iLCJyZWxheVR5cGUiOiJTaGVsbHkgT25lIiwiYWR2YW5jZSI6Ii0ifSx7Im5hbWUiOiJLVyBSb29tIiwic2Vuc29yIjoiMTAuMTY4LjMxLjEwOSIsInJlbGF5cyI6WyIxMC4xNjguMzEuMTA4Il0sIm1vZGUiOiJvZmYiLCJ0YXJnZXQiOjIwLCJldmVudHMiOlt7InVudGlsIjoiMDc6MDAiLCJ0ZW1wIjoxNX1dLCJyZWxheSI6Im9mZiIsInByb3RlY3QiOiJubyIsInJlbGF5VHlwZSI6IlNoZWxseSBPbmUifSx7Im5hbWUiOiJPQiBSb29tIiwic2Vuc29yIjoiMTAuMTY4LjMxLjEwNyIsInJlbGF5cyI6WyIxMC4xNjguMzEuMTA2Il0sIm1vZGUiOiJvZmYiLCJ0YXJnZXQiOjIwLCJldmVudHMiOlt7InVudGlsIjoiMDc6MDAiLCJ0ZW1wIjoxNX1dLCJyZWxheSI6Im9mZiIsInJlbGF5VHlwZSI6IlNoZWxseSBPbmUiLCJwcm90ZWN0Ijoibm8ifSx7Im5hbWUiOiJMaXZpbmcgRGluZXIiLCJzZW5zb3IiOiIxMC4xNjguMzEuMTExIiwicmVsYXlzIjpbIiJdLCJtb2RlIjoib2ZmIiwidGFyZ2V0IjoyMCwiZXZlbnRzIjpbeyJ1bnRpbCI6IjA3OjAwIiwidGVtcCI6MTV9XSwicmVsYXkiOiJvZmYiLCJwcm90ZWN0Ijoibm8ifSx7Im5hbWUiOiJIYWxsIiwic2Vuc29yIjoiMTAuMTY4LjMxLjExMiIsInJlbGF5cyI6WyIiXSwibW9kZSI6Im9mZiIsInRhcmdldCI6MjAsImV2ZW50cyI6W3sidW50aWwiOiIwNzowMCIsInRlbXAiOjE1fV0sInJlbGF5Ijoib2ZmIiwicHJvdGVjdCI6Im5vIn1dLCJtZXNzYWdlIjoiT0sifV0sInByb2ZpbGUiOjAsIm5hbWUiOiJSS1ctSG9tZSIsImNhbGVuZGFyIjoib2ZmIiwiY2FsZW5kYXItZGF0YSI6IiIsInJvb21zIjpbeyJuYW1lIjoiUlcgUm9vbSIsInNlbnNvciI6ImE0OmMxOjM4OjBkOjY0OjdjIiwicmVsYXlzIjpbIjEwLjE2OC4zMS4xMDQiXSwibW9kZSI6Im9mZiIsInRhcmdldCI6IjAuMCIsImV2ZW50cyI6W10sInByb3RlY3QiOiJubyIsInJlbGF5VHlwZSI6IlNoZWxseSBPbmUiLCJhZHZhbmNlIjoiLSJ9LHsibmFtZSI6IktXIFJvb20iLCJzZW5zb3IiOiIxMC4xNjguMzEuMTA5IiwicmVsYXlzIjpbIjEwLjE2OC4zMS4xMDgiXSwibW9kZSI6Im9mZiIsInRhcmdldCI6MjAsImV2ZW50cyI6W3sidW50aWwiOiIwNzowMCIsInRlbXAiOjE1fV0sInJlbGF5Ijoib2ZmIiwicHJvdGVjdCI6Im5vIiwicmVsYXlUeXBlIjoiU2hlbGx5IE9uZSJ9LHsibmFtZSI6Ik9CIFJvb20iLCJzZW5zb3IiOiIxMC4xNjguMzEuMTA3IiwicmVsYXlzIjpbIjEwLjE2OC4zMS4xMDYiXSwibW9kZSI6Im9mZiIsInRhcmdldCI6MjAsImV2ZW50cyI6W3sidW50aWwiOiIwNzowMCIsInRlbXAiOjE1fV0sInJlbGF5Ijoib2ZmIiwicmVsYXlUeXBlIjoiU2hlbGx5IE9uZSIsInByb3RlY3QiOiJubyJ9LHsibmFtZSI6IkxpdmluZyBEaW5lciIsInNlbnNvciI6IjEwLjE2OC4zMS4xMTEiLCJyZWxheXMiOlsiIl0sIm1vZGUiOiJvZmYiLCJ0YXJnZXQiOjIwLCJldmVudHMiOlt7InVudGlsIjoiMDc6MDAiLCJ0ZW1wIjoxNX1dLCJyZWxheSI6Im9mZiIsInByb3RlY3QiOiJubyJ9LHsibmFtZSI6IkhhbGwiLCJzZW5zb3IiOiIxMC4xNjguMzEuMTEyIiwicmVsYXlzIjpbIiJdLCJtb2RlIjoib2ZmIiwidGFyZ2V0IjoyMCwiZXZlbnRzIjpbeyJ1bnRpbCI6IjA3OjAwIiwidGVtcCI6MTV9XSwicmVsYXkiOiJvZmYiLCJwcm90ZWN0Ijoibm8ifV19', '', 'hello world!'),
('60:08:c4:63:88:20', '280619', 1675284581, 1685620365, '', '', 'eyJhY3R1YWwiOiAwLCAic3RhdHVzIjogIiIsICJ2ZXJzaW9uIjogIjQ1In0=', 'eyJwcm9maWxlcyI6IFt7Im5hbWUiOiAiVHdvIHJvb21zIiwgInJvb21zIjogW3sibmFtZSI6ICJMaXZpbmcgcm9vbSIsICJzZW5zb3IiOiAiYTQ6YzE6Mzg6YjM6NTE6YjIiLCAicmVsYXlzIjogWyIxOTIuMTY4LjEuMTAwIl0sICJtb2RlIjogIm9mZiIsICJ0YXJnZXQiOiAiMjMuMCIsICJldmVudHMiOiBbeyJ1bnRpbCI6ICIxODowMCIsICJ0ZW1wIjogIjE1LjUifSwgeyJ1bnRpbCI6ICIyMzowMCIsICJ0ZW1wIjogIjIyLjUifV0sICJib29zdCI6IDE2Nzc1MTEyNjQsICJwcm90ZWN0IjogIm5vIiwgImFkdmFuY2UiOiAiLSIsICJyZWxheVR5cGUiOiAiU2hlbGx5IE9uZSIsICJwMTAwRW1haWwiOiAidGFwb0ByYnJoZWF0aW5nLmNvbSIsICJwMTAwUGFzc3dvcmQiOiAicjAwbThZcjAwbSIsICJwcmV2bW9kZSI6ICJ0aW1lZCJ9LCB7Im5hbWUiOiAiS2l0Y2hlbiIsICJzZW5zb3IiOiAiYTQ6YzE6Mzg6OTE6Y2M6MTQiLCAicmVsYXlzIjogWyIiXSwgIm1vZGUiOiAib2ZmIiwgInRhcmdldCI6ICIyMy4wIiwgImV2ZW50cyI6IFt7InVudGlsIjogIjE3OjAwIiwgInRlbXAiOiAiMTUuMCJ9LCB7InVudGlsIjogIjIyOjAwIiwgInRlbXAiOiAiMjMuNSJ9XSwgInJlbGF5IjogIm9mZiIsICJyZWxheVR5cGUiOiAiUkJSIFIxIiwgInByb3RlY3QiOiAibm8iLCAicDEwMEVtYWlsIjogInRhcG9AcmJyaGVhdGluZy5jb20iLCAicDEwMFBhc3N3b3JkIjogInIwMG04WXIwMG0iLCAiYWR2YW5jZSI6ICItIiwgImJvb3N0IjogMH1dLCAibWVzc2FnZSI6ICJPSyJ9XSwgInByb2ZpbGUiOiAwLCAibmFtZSI6ICJSb3V0ZXIgc3lzdGVtIiwgIm1lc3NhZ2UiOiAiY29uZmlybSIsICJjYWxlbmRhciI6ICJvZmYiLCAiY2FsZW5kYXItZGF0YSI6ICIifQ==', '', ''),
('80:3f:5d:a3:4f:09', '729377', 1684013463, 1688935815, '', 'Y', 'eyJhY3R1YWwiOiAzLCAic3RhdHVzIjogIiIsICJhNDpjMTozODo5MTpjYzoxNCI6IHsidGVtcGVyYXR1cmUiOiAiMjIuNCIsICJ0aW1lc3RhbXAiOiAiMTY4OTAwNDgxMiIsICJiYXR0ZXJ5IjogIjgxIiwgIlJTU0kiOiAiLTQ3IiwgInN0YXR1cyI6ICJHb29kIiwgInJlbGF5IjogIm9mZiIsICJhZHZhbmNlIjogIi0ifSwgImE0OmMxOjM4OmIzOjUxOmIyIjogeyJ0ZW1wZXJhdHVyZSI6ICIyMy4wIiwgInRpbWVzdGFtcCI6ICIxNjg5MDA0Nzk2IiwgImJhdHRlcnkiOiAiODQiLCAiUlNTSSI6ICItNTUiLCAic3RhdHVzIjogIkdvb2QiLCAicmVsYXkiOiAib2ZmIiwgImFkdmFuY2UiOiAiLSJ9LCAiYTQ6YzE6Mzg6MmE6MTM6ZWEiOiB7InRlbXBlcmF0dXJlIjogIjIyLjgiLCAidGltZXN0YW1wIjogIjE2ODkwMDQ3OTYiLCAiYmF0dGVyeSI6ICI4OSIsICJSU1NJIjogIi01OCIsICJzdGF0dXMiOiAiR29vZCIsICJyZWxheSI6ICJvZmYiLCAiYWR2YW5jZSI6ICItIn0sICJhNDpjMTozODpmNDo3MDowNyI6IHsidGVtcGVyYXR1cmUiOiAiMjMuMCIsICJ0aW1lc3RhbXAiOiAiMTY4OTAwNDc5NiIsICJiYXR0ZXJ5IjogIjg4IiwgIlJTU0kiOiAiLTcwIiwgInN0YXR1cyI6ICJHb29kIiwgInJlbGF5IjogIm9mZiIsICJhZHZhbmNlIjogIi0ifSwgImE0OmMxOjM4OjgwOjA5OjMzIjogeyJ0ZW1wZXJhdHVyZSI6ICIyMy4yIiwgInRpbWVzdGFtcCI6ICIxNjg5MDA0ODEyIiwgImJhdHRlcnkiOiAiODkiLCAiUlNTSSI6ICItNzEiLCAic3RhdHVzIjogIkdvb2QiLCAicmVsYXkiOiAib2ZmIiwgImFkdmFuY2UiOiAiLSJ9LCAicHJvdGVjdCI6ICIiLCAiMTcyLjI0LjEuMTAxIjogeyJ0ZW1wZXJhdHVyZSI6ICIyMS45IiwgInRpbWVzdGFtcCI6ICIxNjg5MDA0NzkzIiwgImJhdHRlcnkiOiAiMTAwIiwgInN0YXR1cyI6ICJHb29kIiwgInJlbGF5IjogIm9mZiIsICJhZHZhbmNlIjogIi0ifSwgInZlcnNpb24iOiAiNTAifQ==', 'eyJwcm9maWxlcyI6W3sibmFtZSI6Ik1vbmRheS1GcmlkYXkiLCJyb29tcyI6W3sibmFtZSI6IktpdGNoZW4iLCJzZW5zb3IiOiJhNDpjMTozODo5MTpjYzoxNCIsInJlbGF5cyI6WyI5MC8xMDEiLCI5MC8xMDIiXSwibW9kZSI6InRpbWVkIiwidGFyZ2V0IjoiMjIuMCIsImV2ZW50cyI6W3sidW50aWwiOiIwODowMCIsInRlbXAiOiIxNS4wIn0seyJ1bnRpbCI6IjA5OjAwIiwidGVtcCI6IjIwLjUifSx7InVudGlsIjoiMTI6MzAiLCJ0ZW1wIjoiMTYuMCJ9LHsidW50aWwiOiIxNDowMCIsInRlbXAiOiIyMS41In0seyJ1bnRpbCI6IjE3OjAwIiwidGVtcCI6IjE2LjAifSx7InVudGlsIjoiMjA6MDAiLCJ0ZW1wIjoiMjIuMCJ9XSwicmVsYXkiOiJvZmYiLCJwcm90ZWN0Ijoibm8iLCJhZHZhbmNlIjoiLSIsImJvb3N0IjowLCJyZWxheVR5cGUiOiJTaGVsbHkgT25lIiwicHJldm1vZGUiOiJ0aW1lZCIsInNzaWQiOiIifSx7Im5hbWUiOiJMb3VuZ2UiLCJzZW5zb3IiOiJhNDpjMTozODpiMzo1MTpiMiIsInJlbGF5cyI6WyI5MC8xMDMiXSwibW9kZSI6InRpbWVkIiwidGFyZ2V0IjoiMjIuMCIsImV2ZW50cyI6W3sidW50aWwiOiIwOTowMCIsInRlbXAiOiIxNS4wIn0seyJ1bnRpbCI6IjE4OjAwIiwidGVtcCI6IjE3LjAifSx7InVudGlsIjoiMjM6MDAiLCJ0ZW1wIjoiMjIuMCJ9XSwicmVsYXlUeXBlIjoiVGFzbW90YSIsInByb3RlY3QiOiJubyIsImFkdmFuY2UiOiItIiwiYm9vc3QiOjAsInByZXZtb2RlIjoidGltZWQiLCJzc2lkIjoiIn0seyJuYW1lIjoiSGFsbCIsInNlbnNvciI6ImE0OmMxOjM4OjJhOjEzOmVhIiwicmVsYXlzIjpbIjkwLzEwNCJdLCJtb2RlIjoidGltZWQiLCJ0YXJnZXQiOiIyMS4wIiwiZXZlbnRzIjpbeyJ1bnRpbCI6IjA3OjAwIiwidGVtcCI6IjE1LjAifSx7InVudGlsIjoiMDg6MzAiLCJ0ZW1wIjoiMTguNSJ9LHsidW50aWwiOiIxODowMCIsInRlbXAiOiIxNy4wIn0seyJ1bnRpbCI6IjIzOjAwIiwidGVtcCI6IjE5LjUifV0sInJlbGF5Ijoib2ZmIiwicmVsYXlUeXBlIjoiUkJSIFIxIiwicHJvdGVjdCI6Im5vIiwiYm9vc3QiOjAsInByZXZtb2RlIjoidGltZWQiLCJhZHZhbmNlIjoiLSIsInNzaWQiOiIifSx7Im5hbWUiOiJCZWRyb29tIDEiLCJzZW5zb3IiOiJhNDpjMTozODpmNDo3MDowNyIsInJlbGF5cyI6WyI5MC8xMDUiXSwibW9kZSI6InRpbWVkIiwidGFyZ2V0IjoiMjEuMCIsImV2ZW50cyI6W3sidW50aWwiOiIwNzowMCIsInRlbXAiOiIxNS4wIn0seyJ1bnRpbCI6IjA4OjAwIiwidGVtcCI6IjIxLjUifSx7InVudGlsIjoiMjI6MDAiLCJ0ZW1wIjoiMTYuMCJ9LHsidW50aWwiOiIyMzowMCIsInRlbXAiOiIyMC41In1dLCJyZWxheSI6Im9mZiIsInJlbGF5VHlwZSI6IlJCUiBSMSIsInByb3RlY3QiOiJubyIsImJvb3N0IjowLCJhZHZhbmNlIjoiLSIsInByZXZtb2RlIjoidGltZWQiLCJzc2lkIjoiIn0seyJuYW1lIjoiQmVkcm9vbSAyIiwic2Vuc29yIjoiYTQ6YzE6Mzg6ODA6MDk6MzMiLCJyZWxheXMiOlsiOTAvMTA2Il0sIm1vZGUiOiJvZmYiLCJ0YXJnZXQiOjIwLCJldmVudHMiOlt7InVudGlsIjoiMDc6MDAiLCJ0ZW1wIjoiMTUuMCJ9LHsidW50aWwiOiIwOTowMCIsInRlbXAiOiIyMi4wIn0seyJ1bnRpbCI6IjIxOjAwIiwidGVtcCI6IjE2LjAifSx7InVudGlsIjoiMjI6MDAiLCJ0ZW1wIjoiMjAuMCJ9LHsidW50aWwiOiIyMzowMCIsInRlbXAiOiIyMy4wIn1dLCJyZWxheSI6Im9mZiIsInJlbGF5VHlwZSI6IlJCUiBSMSIsInByb3RlY3QiOiJubyIsInNzaWQiOiIifSx7Im5hbWUiOiJPdXRzaWRlIiwic2Vuc29yIjoiMTkyLjE2OC4xLjExMiIsInJlbGF5cyI6WyIiXSwibW9kZSI6Im9mZiIsInRhcmdldCI6MjAsImV2ZW50cyI6W3sidW50aWwiOiIwNzowMCIsInRlbXAiOjE1fV0sInJlbGF5Ijoib2ZmIiwicHJvdGVjdCI6InllcyIsInB0ZW1wIjoiMC4wIiwic3NpZCI6IiJ9XX0seyJuYW1lIjoiV2Vla2VuZCIsInJvb21zIjpbeyJuYW1lIjoiS2l0Y2hlbiIsInNlbnNvciI6ImE0OmMxOjM4OjkxOmNjOjE0IiwicmVsYXlzIjpbIjkwLzEwMSIsIjkwLzEwMiJdLCJtb2RlIjoidGltZWQiLCJ0YXJnZXQiOiIyMi4wIiwiZXZlbnRzIjpbeyJ1bnRpbCI6IjA5OjAwIiwidGVtcCI6IjE1LjAifSx7InVudGlsIjoiMTA6MDAiLCJ0ZW1wIjoiMTkuNSJ9LHsidW50aWwiOiIxMjozMCIsInRlbXAiOiIxNi4wIn0seyJ1bnRpbCI6IjE0OjAwIiwidGVtcCI6IjIwLjAifSx7InVudGlsIjoiMTc6MDAiLCJ0ZW1wIjoiMTYuMCJ9LHsidW50aWwiOiIyMDowMCIsInRlbXAiOiIyMS4wIn1dLCJyZWxheSI6Im9mZiIsInByb3RlY3QiOiJubyIsImFkdmFuY2UiOiItIiwiYm9vc3QiOjAsInJlbGF5VHlwZSI6IlNoZWxseSBPbmUiLCJwcmV2bW9kZSI6InRpbWVkIn0seyJuYW1lIjoiTG91bmdlIiwic2Vuc29yIjoiYTQ6YzE6Mzg6YjM6NTE6YjIiLCJyZWxheXMiOlsiOTAvMTAzIl0sIm1vZGUiOiJ0aW1lZCIsInRhcmdldCI6IjIyLjAiLCJldmVudHMiOlt7InVudGlsIjoiMTA6MDAiLCJ0ZW1wIjoiMTUuMCJ9LHsidW50aWwiOiIyMzowMCIsInRlbXAiOiIyMi4wIn1dLCJyZWxheVR5cGUiOiJUYXNtb3RhIiwicHJvdGVjdCI6Im5vIiwiYWR2YW5jZSI6Ii0iLCJib29zdCI6MCwicHJldm1vZGUiOiJ0aW1lZCJ9LHsibmFtZSI6IkhhbGwiLCJzZW5zb3IiOiJhNDpjMTozODoyYToxMzplYSIsInJlbGF5cyI6WyI5MC8xMDQiXSwibW9kZSI6InRpbWVkIiwidGFyZ2V0IjoiMjAuMCIsImV2ZW50cyI6W3sidW50aWwiOiIwOTowMCIsInRlbXAiOiIxNS4wIn0seyJ1bnRpbCI6IjEwOjAwIiwidGVtcCI6IjE4LjUifSx7InVudGlsIjoiMTg6MDAiLCJ0ZW1wIjoiMTcuMCJ9LHsidW50aWwiOiIyMzowMCIsInRlbXAiOiIxOS41In1dLCJyZWxheSI6Im9mZiIsInJlbGF5VHlwZSI6IlJCUiBSMSIsInByb3RlY3QiOiJubyIsImJvb3N0IjowLCJwcmV2bW9kZSI6InRpbWVkIiwiYWR2YW5jZSI6Ii0ifSx7Im5hbWUiOiJCZWRyb29tIDEiLCJzZW5zb3IiOiJhNDpjMTozODpmNDo3MDowNyIsInJlbGF5cyI6WyI5MC8xMDUiXSwibW9kZSI6InRpbWVkIiwidGFyZ2V0IjoiMjEuMCIsImV2ZW50cyI6W3sidW50aWwiOiIwODowMCIsInRlbXAiOiIxNS4wIn0seyJ1bnRpbCI6IjA5OjAwIiwidGVtcCI6IjIxLjUifSx7InVudGlsIjoiMjI6MDAiLCJ0ZW1wIjoiMTYuMCJ9LHsidW50aWwiOiIyMzowMCIsInRlbXAiOiIyMC41In1dLCJyZWxheSI6Im9mZiIsInJlbGF5VHlwZSI6IlJCUiBSMSIsInByb3RlY3QiOiJubyIsImJvb3N0IjowLCJhZHZhbmNlIjoiLSIsInByZXZtb2RlIjoidGltZWQifSx7Im5hbWUiOiJCZWRyb29tIDIiLCJzZW5zb3IiOiJhNDpjMTozODo4MDowOTozMyIsInJlbGF5cyI6WyI5MC8xMDYiXSwibW9kZSI6Im9mZiIsInRhcmdldCI6MjAsImV2ZW50cyI6W3sidW50aWwiOiIwNzowMCIsInRlbXAiOiIxNS4wIn0seyJ1bnRpbCI6IjA5OjAwIiwidGVtcCI6IjIyLjAifSx7InVudGlsIjoiMjE6MDAiLCJ0ZW1wIjoiMTYuMCJ9LHsidW50aWwiOiIyMjowMCIsInRlbXAiOiIyMC4wIn0seyJ1bnRpbCI6IjIzOjAwIiwidGVtcCI6IjIzLjAifV0sInJlbGF5Ijoib2ZmIiwicmVsYXlUeXBlIjoiUkJSIFIxIiwicHJvdGVjdCI6Im5vIn0seyJuYW1lIjoiT3V0c2lkZSIsInNlbnNvciI6IjE5Mi4xNjguMS4xMTIiLCJyZWxheXMiOlsiIl0sIm1vZGUiOiJvZmYiLCJ0YXJnZXQiOjIwLCJldmVudHMiOlt7InVudGlsIjoiMDc6MDAiLCJ0ZW1wIjoxNX1dLCJyZWxheSI6Im9mZiIsInByb3RlY3QiOiJ5ZXMiLCJwdGVtcCI6IjAuMCJ9XX0seyJuYW1lIjoiRWFybHkgc3RhcnQiLCJyb29tcyI6W3sibmFtZSI6IktpdGNoZW4iLCJzZW5zb3IiOiJhNDpjMTozODo5MTpjYzoxNCIsInJlbGF5cyI6WyI5MC8xMDEiLCI5MC8xMDIiXSwibW9kZSI6InRpbWVkIiwidGFyZ2V0IjoiMjIuMCIsImV2ZW50cyI6W3sidW50aWwiOiIwNzowMCIsInRlbXAiOiIxNS4wIn0seyJ1bnRpbCI6IjA4OjAwIiwidGVtcCI6IjIwLjUifSx7InVudGlsIjoiMTI6MzAiLCJ0ZW1wIjoiMTYuMCJ9LHsidW50aWwiOiIxNDowMCIsInRlbXAiOiIyMS41In0seyJ1bnRpbCI6IjE3OjAwIiwidGVtcCI6IjE2LjAifSx7InVudGlsIjoiMjA6MDAiLCJ0ZW1wIjoiMjIuMCJ9XSwicmVsYXkiOiJvZmYiLCJwcm90ZWN0Ijoibm8iLCJhZHZhbmNlIjoiLSIsImJvb3N0IjowLCJyZWxheVR5cGUiOiJTaGVsbHkgT25lIiwicHJldm1vZGUiOiJ0aW1lZCJ9LHsibmFtZSI6IkxvdW5nZSIsInNlbnNvciI6ImE0OmMxOjM4OmIzOjUxOmIyIiwicmVsYXlzIjpbIjkwLzEwMyJdLCJtb2RlIjoidGltZWQiLCJ0YXJnZXQiOiIyMi4wIiwiZXZlbnRzIjpbeyJ1bnRpbCI6IjA5OjAwIiwidGVtcCI6IjE1LjAifSx7InVudGlsIjoiMTg6MDAiLCJ0ZW1wIjoiMTcuMCJ9LHsidW50aWwiOiIyMzowMCIsInRlbXAiOiIyMi4wIn1dLCJyZWxheVR5cGUiOiJUYXNtb3RhIiwicHJvdGVjdCI6Im5vIiwiYWR2YW5jZSI6Ii0iLCJib29zdCI6MCwicHJldm1vZGUiOiJ0aW1lZCJ9LHsibmFtZSI6IkhhbGwiLCJzZW5zb3IiOiJhNDpjMTozODoyYToxMzplYSIsInJlbGF5cyI6WyI5MC8xMDQiXSwibW9kZSI6InRpbWVkIiwidGFyZ2V0IjoiMjEuMCIsImV2ZW50cyI6W3sidW50aWwiOiIwNzowMCIsInRlbXAiOiIxNS4wIn0seyJ1bnRpbCI6IjA4OjMwIiwidGVtcCI6IjE4LjUifSx7InVudGlsIjoiMTg6MDAiLCJ0ZW1wIjoiMTcuMCJ9LHsidW50aWwiOiIyMzowMCIsInRlbXAiOiIxOS41In1dLCJyZWxheSI6Im9mZiIsInJlbGF5VHlwZSI6IlJCUiBSMSIsInByb3RlY3QiOiJubyIsImJvb3N0IjowLCJwcmV2bW9kZSI6InRpbWVkIiwiYWR2YW5jZSI6Ii0ifSx7Im5hbWUiOiJCZWRyb29tIDEiLCJzZW5zb3IiOiJhNDpjMTozODpmNDo3MDowNyIsInJlbGF5cyI6WyI5MC8xMDUiXSwibW9kZSI6InRpbWVkIiwidGFyZ2V0IjoiMjEuMCIsImV2ZW50cyI6W3sidW50aWwiOiIwNzowMCIsInRlbXAiOiIxNS4wIn0seyJ1bnRpbCI6IjA4OjAwIiwidGVtcCI6IjIxLjUifSx7InVudGlsIjoiMjI6MDAiLCJ0ZW1wIjoiMTYuMCJ9LHsidW50aWwiOiIyMzowMCIsInRlbXAiOiIyMC41In1dLCJyZWxheSI6Im9mZiIsInJlbGF5VHlwZSI6IlJCUiBSMSIsInByb3RlY3QiOiJubyIsImJvb3N0IjowLCJhZHZhbmNlIjoiLSIsInByZXZtb2RlIjoidGltZWQifSx7Im5hbWUiOiJCZWRyb29tIDIiLCJzZW5zb3IiOiJhNDpjMTozODo4MDowOTozMyIsInJlbGF5cyI6WyI5MC8xMDYiXSwibW9kZSI6Im9mZiIsInRhcmdldCI6MjAsImV2ZW50cyI6W3sidW50aWwiOiIwNzowMCIsInRlbXAiOiIxNS4wIn0seyJ1bnRpbCI6IjA5OjAwIiwidGVtcCI6IjIyLjAifSx7InVudGlsIjoiMjE6MDAiLCJ0ZW1wIjoiMTYuMCJ9LHsidW50aWwiOiIyMjowMCIsInRlbXAiOiIyMC4wIn0seyJ1bnRpbCI6IjIzOjAwIiwidGVtcCI6IjIzLjAifV0sInJlbGF5Ijoib2ZmIiwicmVsYXlUeXBlIjoiUkJSIFIxIiwicHJvdGVjdCI6Im5vIn0seyJuYW1lIjoiT3V0c2lkZSIsInNlbnNvciI6IjE5Mi4xNjguMS4xMTIiLCJyZWxheXMiOlsiIl0sIm1vZGUiOiJvZmYiLCJ0YXJnZXQiOjIwLCJldmVudHMiOlt7InVudGlsIjoiMDc6MDAiLCJ0ZW1wIjoxNX1dLCJyZWxheSI6Im9mZiIsInByb3RlY3QiOiJ5ZXMiLCJwdGVtcCI6IjAuMCJ9XX0seyJuYW1lIjoiQWxsIG9mZiIsInJvb21zIjpbeyJuYW1lIjoiS2l0Y2hlbiIsInNlbnNvciI6ImE0OmMxOjM4OjkxOmNjOjE0IiwicmVsYXlzIjpbIjkwLzEwMSIsIjkwLzEwMiJdLCJtb2RlIjoib2ZmIiwidGFyZ2V0IjoiMTkuNSIsImV2ZW50cyI6W10sInJlbGF5Ijoib2ZmIiwicHJvdGVjdCI6Im5vIiwiYWR2YW5jZSI6Ii0iLCJib29zdCI6MCwicmVsYXlUeXBlIjoiU2hlbGx5IE9uZSIsInByZXZtb2RlIjoib2ZmIiwic3NpZCI6IjEyMzQ1In0seyJuYW1lIjoiTG91bmdlIiwic2Vuc29yIjoiYTQ6YzE6Mzg6YjM6NTE6YjIiLCJyZWxheXMiOlsiOTAvMTAzIl0sIm1vZGUiOiJvZmYiLCJ0YXJnZXQiOiIyMi4wIiwiZXZlbnRzIjpbXSwicmVsYXlUeXBlIjoiVGFzbW90YSIsInByb3RlY3QiOiJubyIsImFkdmFuY2UiOiItIiwiYm9vc3QiOjAsInByZXZtb2RlIjoib2ZmIiwic3NpZCI6IjIzNDU2In0seyJuYW1lIjoiSGFsbCIsInNlbnNvciI6ImE0OmMxOjM4OjJhOjEzOmVhIiwicmVsYXlzIjpbIjkwLzEwNCJdLCJtb2RlIjoib2ZmIiwidGFyZ2V0IjoyMCwiZXZlbnRzIjpbXSwicmVsYXkiOiJvZmYiLCJyZWxheVR5cGUiOiJSQlIgUjEiLCJwcm90ZWN0Ijoibm8iLCJib29zdCI6MCwiYWR2YW5jZSI6Ii0iLCJwcmV2bW9kZSI6Im9mZiIsInNzaWQiOiIzNDU2NyJ9LHsibmFtZSI6IkJlZHJvb20gMSIsInNlbnNvciI6ImE0OmMxOjM4OmY0OjcwOjA3IiwicmVsYXlzIjpbIjkwLzEwNSJdLCJtb2RlIjoib2ZmIiwidGFyZ2V0IjoiMjIuMCIsImV2ZW50cyI6W10sInJlbGF5Ijoib2ZmIiwicmVsYXlUeXBlIjoiUkJSIFIxIiwicHJvdGVjdCI6Im5vIiwiYm9vc3QiOjE2ODQxODQ4NjIsImFkdmFuY2UiOiItIiwicHJldm1vZGUiOiJvZmYiLCJzc2lkIjoiNDU2NzgifSx7Im5hbWUiOiJCZWRyb29tIDIiLCJzZW5zb3IiOiJhNDpjMTozODo4MDowOTozMyIsInJlbGF5cyI6WyI5MC8xMDYiXSwibW9kZSI6Im9mZiIsInRhcmdldCI6IjIyLjAiLCJldmVudHMiOlt7InVudGlsIjoiMDc6MDAiLCJ0ZW1wIjoiMTUuMCJ9LHsidW50aWwiOiIwOTowMCIsInRlbXAiOiIyMi4wIn0seyJ1bnRpbCI6IjIxOjAwIiwidGVtcCI6IjE2LjAifSx7InVudGlsIjoiMjI6MDAiLCJ0ZW1wIjoiMjAuMCJ9LHsidW50aWwiOiIyMzowMCIsInRlbXAiOiIyMy4wIn1dLCJyZWxheSI6Im9mZiIsInJlbGF5VHlwZSI6IlJCUiBSMSIsInByb3RlY3QiOiJubyIsInByZXZtb2RlIjoib2ZmIiwiYm9vc3QiOjAsImFkdmFuY2UiOiItIiwic3NpZCI6IjU2Nzg5In0seyJuYW1lIjoiT3V0c2lkZSIsInNlbnNvciI6IjE3Mi4yNC4xLjEwMSIsInJlbGF5cyI6WyIiXSwibW9kZSI6Im9mZiIsInRhcmdldCI6MjAsImV2ZW50cyI6W3sidW50aWwiOiIwNzowMCIsInRlbXAiOjE1fV0sInJlbGF5Ijoib2ZmIiwicHJvdGVjdCI6InllcyIsInB0ZW1wIjoiMC4wIiwic3NpZCI6IiJ9XX1dLCJyZXF1ZXN0IjoiOTAvMTAwIiwiY2FsZW5kYXItZGF0YSI6W3siZGF5MC1wcm9maWxlIjoiTW9uZGF5LUZyaWRheSJ9LHsiZGF5MS1wcm9maWxlIjoiTW9uZGF5LUZyaWRheSJ9LHsiZGF5Mi1wcm9maWxlIjoiTW9uZGF5LUZyaWRheSJ9LHsiZGF5My1wcm9maWxlIjoiTW9uZGF5LUZyaWRheSJ9LHsiZGF5NC1wcm9maWxlIjoiTW9uZGF5LUZyaWRheSJ9LHsiZGF5NS1wcm9maWxlIjoiV2Vla2VuZCJ9LHsiZGF5Ni1wcm9maWxlIjoiV2Vla2VuZCJ9XSwiY2FsZW5kYXIiOiJvZmYiLCJtZXNzYWdlIjoiY29uZmlybSIsImFkZHJlc3MiOiI2IFF1ZWVuIEVsaXphYmV0aCBEcml2ZSBXRjYgMUpIIiwic3NpZCI6IlJCUi04MDNmNWRhMzRmMDkiLCJwYXNzd29yZCI6InIwMG04WXIwMG0iLCJleHRlbmRlcnMiOlt7InNzaWQiOiJSQlItRVgtMTVBODA0IiwicGFzc3dvcmQiOiJ0ZXN0LXN5c3RlbSJ9LHt9LHt9LHt9XSwibmFtZSI6Ik91ciBsaXR0bGUgbmVzdCIsInByb2ZpbGUiOjMsImNvbnRyb2xsZXItc3NpZCI6IlJCUi04MDNmNWRhMzRmMDkiLCJjb250cm9sbGVyLXBhc3N3b3JkIjoicjAwbThZcjAwbSIsImVtYWlsIjoiZ3RAcG9ib3guY29tIiwidXNlci1wYXNzd29yZCI6Ijc2NzY1MyJ9', '', 'hello world!'),
('80:3f:5d:a3:5e:86', '661061', 1685695623, 1688386962, '', '', 'eyJhY3R1YWwiOiAwLCAic3RhdHVzIjogIiIsICJhNDpjMTozODplYzo0MzoxOSI6IHsidGVtcGVyYXR1cmUiOiAiMjMuNSIsICJ0aW1lc3RhbXAiOiAiMTY4ODgyODA1NSIsICJiYXR0ZXJ5IjogIjYyIiwgIlJTU0kiOiAiLTY0IiwgInJlbGF5IjogIm9mZiIsICJhZHZhbmNlIjogIi0ifSwgImE0OmMxOjM4OmFjOjNjOjhiIjogeyJ0ZW1wZXJhdHVyZSI6ICIyMy41IiwgInRpbWVzdGFtcCI6ICIxNjg4ODI4MDg1IiwgImJhdHRlcnkiOiAiOTgiLCAiUlNTSSI6ICItNjQiLCAicmVsYXkiOiAib2ZmIiwgImFkdmFuY2UiOiAiLSJ9LCAidmVyc2lvbiI6ICI1MCJ9', 'eyJwcm9maWxlcyI6W3sibmFtZSI6IkRlZmF1bHQiLCJyb29tcyI6W3sibmFtZSI6IkxvdW5nZSIsInNlbnNvciI6ImE0OmMxOjM4OmVjOjQzOjE5In0seyJuYW1lIjoiQmVkcm9vbSIsInNlbnNvciI6ImE0OmMxOjM4OmFjOjNjOjhiIn0seyJuYW1lIjoiT3V0c2lkZSIsInNlbnNvciI6IjE3Mi4yNC4xLjEwMSJ9XSwibWVzc2FnZSI6Ik9LIn1dLCJwcm9maWxlIjowLCJuYW1lIjoiRGVtbyIsImNvbnRyb2xsZXItc3NpZCI6IlJCUi04MDNmNWRhMzVlODYiLCJjb250cm9sbGVyLXBhc3N3b3JkIjoicjAwbThZcjAwbSIsImFkZHJlc3MiOiI2IFF1ZWVuIEVsaXphYmV0aCBEcml2ZSBXRjYgMUpIIiwiZW1haWwiOiJndEBwb2JveC5jb20iLCJ1c2VyLXBhc3N3b3JkIjoiNzY3NjUzIiwiZXh0ZW5kZXJzIjpbeyJzc2lkIjoiUkJSLWV4LTE1QTgwNCIsInBhc3N3b3JkIjoidGVzdC1zeXN0ZW0iLCJyZWxheXMiOlt7fSx7fV19XSwiY2FsZW5kYXIiOiJvZmYiLCJjYWxlbmRhci1kYXRhIjoiIn0=', '', ''),
('98:28:3a:de:92:0f', '634685', 1686402449, 1686955830, '', '', 'eyJhY3R1YWwiOiAwLCAic3RhdHVzIjogIiIsICJ2ZXJzaW9uIjogIjQ5In0=', 'eyJwcm9maWxlcyI6IFt7Im5hbWUiOiAiRGVmYXVsdCIsICJyb29tcyI6IFt7Im5hbWUiOiAiS2l0Y2hlbiIsICJzZW5zb3IiOiAiYTQ6YzE6Mzg6ODA6MDk6MzMiLCAicmVsYXlzIjogWyIxOTIuMTY4LjEuMTAxIl0sICJtb2RlIjogIm9mZiIsICJ0YXJnZXQiOiAiMjUuMCIsICJldmVudHMiOiBbXSwgInByb3RlY3QiOiAibm8iLCAicmVsYXlUeXBlIjogIlRQLUxpbmsgUDEwMCIsICJwMTAwRW1haWwiOiAidGFwb0ByYnJoZWF0aW5nLmNvbSIsICJwMTAwUGFzc3dvcmQiOiAicjAwbThZcjAwbSIsICJwcmV2bW9kZSI6ICJvZmYiLCAiYm9vc3QiOiAwLCAiYWR2YW5jZSI6ICItIn0sIHsibmFtZSI6ICJMaXZpbmcgcm9vbSIsICJzZW5zb3IiOiAiYTQ6YzE6Mzg6YjM6NTE6YjIiLCAicmVsYXlzIjogWyIxOTIuMTY4LjEuMTAyIl0sICJtb2RlIjogIm9mZiIsICJ0YXJnZXQiOiAiMjYuMCIsICJldmVudHMiOiBbeyJ1bnRpbCI6ICIwNzowMCIsICJ0ZW1wIjogMTV9XSwgInJlbGF5IjogIm9mZiIsICJwcm90ZWN0IjogIm5vIiwgInJlbGF5VHlwZSI6ICJUUC1MaW5rIFAxMDAiLCAicDEwMEVtYWlsIjogInRhcG9AcmJyaGVhdGluZy5jb20iLCAicDEwMFBhc3N3b3JkIjogInIwMG04WXIwMG0iLCAicHJldm1vZGUiOiAib2ZmIiwgImJvb3N0IjogMCwgImFkdmFuY2UiOiAiLSJ9LCB7Im5hbWUiOiAiSGFsbCIsICJzZW5zb3IiOiAiYTQ6YzE6Mzg6MmE6MTM6ZWEiLCAicmVsYXlzIjogWyIxOTIuMTY4LjEuMTAzIl0sICJtb2RlIjogIm9uIiwgInRhcmdldCI6ICIyMi4wIiwgImV2ZW50cyI6IFt7InVudGlsIjogIjA3OjAwIiwgInRlbXAiOiAxNX1dLCAicmVsYXkiOiAib2ZmIiwgInByb3RlY3QiOiAibm8iLCAicmVsYXlUeXBlIjogIlRQLUxpbmsgUDEwMCIsICJwMTAwRW1haWwiOiAidGFwb0ByYnJoZWF0aW5nLmNvbSIsICJwMTAwUGFzc3dvcmQiOiAicjAwbThZcjAwbSJ9XSwgIm1lc3NhZ2UiOiAiT0sifV0sICJwcm9maWxlIjogMCwgIm5hbWUiOiAiVFAtTGluayBhdCBRRUQ2IiwgImNhbGVuZGFyIjogIm9mZiIsICJjYWxlbmRhci1kYXRhIjogIiIsICJtZXNzYWdlIjogImNvbmZpcm0ifQ==', '', ''),
('b8:1f:30:53:a4:99', '180726', 1676411403, 1684070137, '', '', 'eyJhY3R1YWwiOiAzLCAic3RhdHVzIjogIlJlcXVlc3QgcmVsYXkgZGlkIG5vdCByZXNwb25kIiwgImE0OmMxOjM4OjkxOmNjOjE0IjogeyJ0ZW1wZXJhdHVyZSI6ICIyMS4zIiwgInRpbWVzdGFtcCI6ICIxNjg0MDkzMDUxIiwgImJhdHRlcnkiOiAiODYiLCAic3RhdHVzIjogIkZhaWwiLCAicmVsYXkiOiAib2ZmIiwgImFkdmFuY2UiOiAiLSJ9LCAidmVyc2lvbiI6ICI0MyJ9', 'eyJwcm9maWxlcyI6IFt7Im5hbWUiOiAiTW9uZGF5LUZyaWRheSIsICJyb29tcyI6IFt7Im5hbWUiOiAiS2l0Y2hlbiIsICJzZW5zb3IiOiAiYTQ6YzE6Mzg6OTE6Y2M6MTQiLCAicmVsYXlzIjogWyIxOTIuMTY4LjEuMTAyIiwgIjE5Mi4xNjguMS4xMDMiXSwgIm1vZGUiOiAidGltZWQiLCAidGFyZ2V0IjogIjIyLjAiLCAiZXZlbnRzIjogW3sidW50aWwiOiAiMDg6MDAiLCAidGVtcCI6ICIxNS4wIn0sIHsidW50aWwiOiAiMDk6MDAiLCAidGVtcCI6ICIyMC41In0sIHsidW50aWwiOiAiMTI6MzAiLCAidGVtcCI6ICIxNi4wIn0sIHsidW50aWwiOiAiMTQ6MDAiLCAidGVtcCI6ICIyMS41In0sIHsidW50aWwiOiAiMTc6MDAiLCAidGVtcCI6ICIxNi4wIn0sIHsidW50aWwiOiAiMjA6MDAiLCAidGVtcCI6ICIyMi4wIn1dLCAicmVsYXkiOiAib2ZmIiwgInByb3RlY3QiOiAibm8iLCAiYWR2YW5jZSI6ICItIiwgImJvb3N0IjogMCwgInJlbGF5VHlwZSI6ICJTaGVsbHkgT25lIiwgInByZXZtb2RlIjogInRpbWVkIn0sIHsibmFtZSI6ICJMb3VuZ2UiLCAic2Vuc29yIjogImE0OmMxOjM4OmIzOjUxOmIyIiwgInJlbGF5cyI6IFsiMTkyLjE2OC4xLjEwNSJdLCAibW9kZSI6ICJ0aW1lZCIsICJ0YXJnZXQiOiAiMjIuMCIsICJldmVudHMiOiBbeyJ1bnRpbCI6ICIwOTowMCIsICJ0ZW1wIjogIjE1LjAifSwgeyJ1bnRpbCI6ICIxODowMCIsICJ0ZW1wIjogIjE3LjAifSwgeyJ1bnRpbCI6ICIyMzowMCIsICJ0ZW1wIjogIjIyLjAifV0sICJyZWxheVR5cGUiOiAiU2hlbGx5IE9uZSIsICJwcm90ZWN0IjogIm5vIiwgImFkdmFuY2UiOiAiLSIsICJib29zdCI6IDAsICJwcmV2bW9kZSI6ICJ0aW1lZCJ9LCB7Im5hbWUiOiAiSGFsbCIsICJzZW5zb3IiOiAiYTQ6YzE6Mzg6MmE6MTM6ZWEiLCAicmVsYXlzIjogWyIxOTIuMTY4LjEuMTA3Il0sICJtb2RlIjogInRpbWVkIiwgInRhcmdldCI6ICIyMC4wIiwgImV2ZW50cyI6IFt7InVudGlsIjogIjA3OjAwIiwgInRlbXAiOiAiMTUuMCJ9LCB7InVudGlsIjogIjA4OjMwIiwgInRlbXAiOiAiMTguNSJ9LCB7InVudGlsIjogIjE4OjAwIiwgInRlbXAiOiAiMTcuMCJ9LCB7InVudGlsIjogIjIzOjAwIiwgInRlbXAiOiAiMTkuNSJ9XSwgInJlbGF5IjogIm9mZiIsICJyZWxheVR5cGUiOiAiU2hlbGx5IE9uZSIsICJwcm90ZWN0IjogIm5vIiwgImJvb3N0IjogMCwgInByZXZtb2RlIjogInRpbWVkIiwgImFkdmFuY2UiOiAiLSJ9LCB7Im5hbWUiOiAiQmVkcm9vbSAxIiwgInNlbnNvciI6ICJhNDpjMTozODpmNDo3MDowNyIsICJyZWxheXMiOiBbIjE5Mi4xNjguMS4xMDkiXSwgIm1vZGUiOiAidGltZWQiLCAidGFyZ2V0IjogIjIxLjAiLCAiZXZlbnRzIjogW3sidW50aWwiOiAiMDc6MDAiLCAidGVtcCI6ICIxNS4wIn0sIHsidW50aWwiOiAiMDg6MDAiLCAidGVtcCI6ICIyMS41In0sIHsidW50aWwiOiAiMjI6MDAiLCAidGVtcCI6ICIxNi4wIn0sIHsidW50aWwiOiAiMjM6MDAiLCAidGVtcCI6ICIyMC41In1dLCAicmVsYXkiOiAib2ZmIiwgInJlbGF5VHlwZSI6ICJTaGVsbHkgT25lIiwgInByb3RlY3QiOiAibm8iLCAiYm9vc3QiOiAwLCAiYWR2YW5jZSI6ICItIiwgInByZXZtb2RlIjogInRpbWVkIn0sIHsibmFtZSI6ICJCZWRyb29tIDIiLCAic2Vuc29yIjogImE0OmMxOjM4OjgwOjA5OjMzIiwgInJlbGF5cyI6IFsiMTkyLjE2OC4xLjExMSJdLCAibW9kZSI6ICJvZmYiLCAidGFyZ2V0IjogMjAsICJldmVudHMiOiBbeyJ1bnRpbCI6ICIwNzowMCIsICJ0ZW1wIjogIjE1LjAifSwgeyJ1bnRpbCI6ICIwOTowMCIsICJ0ZW1wIjogIjIyLjAifSwgeyJ1bnRpbCI6ICIyMTowMCIsICJ0ZW1wIjogIjE2LjAifSwgeyJ1bnRpbCI6ICIyMjowMCIsICJ0ZW1wIjogIjIwLjAifSwgeyJ1bnRpbCI6ICIyMzowMCIsICJ0ZW1wIjogIjIzLjAifV0sICJyZWxheSI6ICJvZmYiLCAicmVsYXlUeXBlIjogIlNoZWxseSBPbmUiLCAicHJvdGVjdCI6ICJubyJ9LCB7Im5hbWUiOiAiT3V0c2lkZSIsICJzZW5zb3IiOiAiMTkyLjE2OC4xLjExMiIsICJyZWxheXMiOiBbIiJdLCAibW9kZSI6ICJvZmYiLCAidGFyZ2V0IjogMjAsICJldmVudHMiOiBbeyJ1bnRpbCI6ICIwNzowMCIsICJ0ZW1wIjogMTV9XSwgInJlbGF5IjogIm9mZiIsICJwcm90ZWN0IjogInllcyIsICJwdGVtcCI6ICIwLjAifV19LCB7Im5hbWUiOiAiRWFybHkgc3RhcnQiLCAicm9vbXMiOiBbeyJuYW1lIjogIktpdGNoZW4iLCAic2Vuc29yIjogIjE5Mi4xNjguMS4xMDEiLCAicmVsYXlzIjogWyIxOTIuMTY4LjEuMTAyIiwgIjE5Mi4xNjguMS4xMDMiXSwgIm1vZGUiOiAidGltZWQiLCAidGFyZ2V0IjogIjIyLjAiLCAiZXZlbnRzIjogW3sidW50aWwiOiAiMDc6MDAiLCAidGVtcCI6ICIxNS4wIn0sIHsidW50aWwiOiAiMDg6MDAiLCAidGVtcCI6ICIyMC41In0sIHsidW50aWwiOiAiMTc6MDAiLCAidGVtcCI6ICIxNi4wIn0sIHsidW50aWwiOiAiMjA6MDAiLCAidGVtcCI6ICIyMi4wIn1dLCAicmVsYXkiOiAib2ZmIiwgInByb3RlY3QiOiAibm8iLCAiYWR2YW5jZSI6ICItIiwgImJvb3N0IjogMCwgInJlbGF5VHlwZSI6ICJTaGVsbHkgT25lIiwgInByZXZtb2RlIjogInRpbWVkIn0sIHsibmFtZSI6ICJMb3VuZ2UiLCAic2Vuc29yIjogIjE5Mi4xNjguMS4xMDQiLCAicmVsYXlzIjogWyIxOTIuMTY4LjEuMTA1Il0sICJtb2RlIjogInRpbWVkIiwgInRhcmdldCI6ICIyMi41IiwgImV2ZW50cyI6IFt7InVudGlsIjogIjA5OjAwIiwgInRlbXAiOiAiMTUuMCJ9LCB7InVudGlsIjogIjE4OjAwIiwgInRlbXAiOiAiMTcuMCJ9LCB7InVudGlsIjogIjIzOjAwIiwgInRlbXAiOiAiMjIuNSJ9XSwgInJlbGF5VHlwZSI6ICJTaGVsbHkgT25lIiwgInByb3RlY3QiOiAibm8iLCAiYWR2YW5jZSI6ICItIiwgImJvb3N0IjogMH0sIHsibmFtZSI6ICJIYWxsIiwgInNlbnNvciI6ICIxOTIuMTY4LjEuMTA2IiwgInJlbGF5cyI6IFsiMTkyLjE2OC4xLjEwNyJdLCAibW9kZSI6ICJ0aW1lZCIsICJ0YXJnZXQiOiAyMCwgImV2ZW50cyI6IFt7InVudGlsIjogIjA3OjAwIiwgInRlbXAiOiAiMTUuMCJ9LCB7InVudGlsIjogIjA4OjMwIiwgInRlbXAiOiAiMTkuMCJ9LCB7InVudGlsIjogIjE4OjAwIiwgInRlbXAiOiAiMTcuMCJ9LCB7InVudGlsIjogIjIzOjAwIiwgInRlbXAiOiAiMjAuMCJ9XSwgInJlbGF5IjogIm9mZiIsICJyZWxheVR5cGUiOiAiU2hlbGx5IE9uZSIsICJwcm90ZWN0IjogIm5vIiwgImJvb3N0IjogMCwgInByZXZtb2RlIjogInRpbWVkIiwgImFkdmFuY2UiOiAiLSJ9LCB7Im5hbWUiOiAiQmVkcm9vbSAxIiwgInNlbnNvciI6ICIxOTIuMTY4LjEuMTA4IiwgInJlbGF5cyI6IFsiMTkyLjE2OC4xLjEwOSJdLCAibW9kZSI6ICJ0aW1lZCIsICJ0YXJnZXQiOiAyMCwgImV2ZW50cyI6IFt7InVudGlsIjogIjA2OjAwIiwgInRlbXAiOiAiMTUuMCJ9LCB7InVudGlsIjogIjA3OjAwIiwgInRlbXAiOiAiMjEuMCJ9LCB7InVudGlsIjogIjIyOjAwIiwgInRlbXAiOiAiMTYuMCJ9LCB7InVudGlsIjogIjIzOjAwIiwgInRlbXAiOiAiMjAuNSJ9XSwgInJlbGF5IjogIm9mZiIsICJyZWxheVR5cGUiOiAiU2hlbGx5IE9uZSIsICJwcm90ZWN0IjogIm5vIiwgImJvb3N0IjogMTY3ODI5NTgzMSwgImFkdmFuY2UiOiBudWxsLCAicHJldm1vZGUiOiAidGltZWQifSwgeyJuYW1lIjogIkJlZHJvb20gMiIsICJzZW5zb3IiOiAiMTkyLjE2OC4xLjExMCIsICJyZWxheXMiOiBbIjE5Mi4xNjguMS4xMTEiXSwgIm1vZGUiOiAib2ZmIiwgInRhcmdldCI6IDIwLCAiZXZlbnRzIjogW3sidW50aWwiOiAiMDc6MDAiLCAidGVtcCI6ICIxNS4wIn0sIHsidW50aWwiOiAiMDk6MDAiLCAidGVtcCI6ICIyMi4wIn0sIHsidW50aWwiOiAiMjE6MDAiLCAidGVtcCI6ICIxNi4wIn0sIHsidW50aWwiOiAiMjI6MDAiLCAidGVtcCI6ICIyMC4wIn0sIHsidW50aWwiOiAiMjM6MDAiLCAidGVtcCI6ICIyMy4wIn1dLCAicmVsYXkiOiAib2ZmIiwgInJlbGF5VHlwZSI6ICJTaGVsbHkgT25lIiwgInByb3RlY3QiOiAibm8ifSwgeyJuYW1lIjogIk91dHNpZGUiLCAic2Vuc29yIjogIjE5Mi4xNjguMS4xMTIiLCAicmVsYXlzIjogWyIiXSwgIm1vZGUiOiAib2ZmIiwgInRhcmdldCI6IDIwLCAiZXZlbnRzIjogW3sidW50aWwiOiAiMDc6MDAiLCAidGVtcCI6IDE1fV0sICJyZWxheSI6ICJvZmYiLCAicHJvdGVjdCI6ICJ5ZXMiLCAicHRlbXAiOiAiMC4wIn1dfSwgeyJuYW1lIjogIldlZWtlbmQiLCAicm9vbXMiOiBbeyJuYW1lIjogIktpdGNoZW4iLCAic2Vuc29yIjogImE0OmMxOjM4OjkxOmNjOjE0IiwgInJlbGF5cyI6IFsiMTkyLjE2OC4xLjEwMiIsICIxOTIuMTY4LjEuMTAzIl0sICJtb2RlIjogInRpbWVkIiwgInRhcmdldCI6ICIyMi4wIiwgImV2ZW50cyI6IFt7InVudGlsIjogIjA5OjAwIiwgInRlbXAiOiAiMTUuMCJ9LCB7InVudGlsIjogIjEwOjAwIiwgInRlbXAiOiAiMTkuNSJ9LCB7InVudGlsIjogIjEyOjMwIiwgInRlbXAiOiAiMTYuMCJ9LCB7InVudGlsIjogIjE0OjAwIiwgInRlbXAiOiAiMjAuMCJ9LCB7InVudGlsIjogIjE3OjAwIiwgInRlbXAiOiAiMTYuMCJ9LCB7InVudGlsIjogIjIwOjAwIiwgInRlbXAiOiAiMjEuMCJ9XSwgInJlbGF5IjogIm9mZiIsICJwcm90ZWN0IjogIm5vIiwgImFkdmFuY2UiOiAiLSIsICJib29zdCI6IDAsICJyZWxheVR5cGUiOiAiU2hlbGx5IE9uZSIsICJwcmV2bW9kZSI6ICJ0aW1lZCJ9LCB7Im5hbWUiOiAiTG91bmdlIiwgInNlbnNvciI6ICJhNDpjMTozODpiMzo1MTpiMiIsICJyZWxheXMiOiBbIjE5Mi4xNjguMS4xMDUiXSwgIm1vZGUiOiAidGltZWQiLCAidGFyZ2V0IjogIjIyLjAiLCAiZXZlbnRzIjogW3sidW50aWwiOiAiMTA6MDAiLCAidGVtcCI6ICIxNS4wIn0sIHsidW50aWwiOiAiMjM6MDAiLCAidGVtcCI6ICIyMi4wIn1dLCAicmVsYXlUeXBlIjogIlNoZWxseSBPbmUiLCAicHJvdGVjdCI6ICJubyIsICJhZHZhbmNlIjogIi0iLCAiYm9vc3QiOiAwLCAicHJldm1vZGUiOiAidGltZWQifSwgeyJuYW1lIjogIkhhbGwiLCAic2Vuc29yIjogImE0OmMxOjM4OjJhOjEzOmVhIiwgInJlbGF5cyI6IFsiMTkyLjE2OC4xLjEwNyJdLCAibW9kZSI6ICJ0aW1lZCIsICJ0YXJnZXQiOiAiMjAuMCIsICJldmVudHMiOiBbeyJ1bnRpbCI6ICIwOTowMCIsICJ0ZW1wIjogIjE1LjAifSwgeyJ1bnRpbCI6ICIxMDowMCIsICJ0ZW1wIjogIjE4LjUifSwgeyJ1bnRpbCI6ICIxODowMCIsICJ0ZW1wIjogIjE3LjAifSwgeyJ1bnRpbCI6ICIyMzowMCIsICJ0ZW1wIjogIjE5LjUifV0sICJyZWxheSI6ICJvZmYiLCAicmVsYXlUeXBlIjogIlNoZWxseSBPbmUiLCAicHJvdGVjdCI6ICJubyIsICJib29zdCI6IDAsICJwcmV2bW9kZSI6ICJ0aW1lZCIsICJhZHZhbmNlIjogIi0ifSwgeyJuYW1lIjogIkJlZHJvb20gMSIsICJzZW5zb3IiOiAiYTQ6YzE6Mzg6ZjQ6NzA6MDciLCAicmVsYXlzIjogWyIxOTIuMTY4LjEuMTA5Il0sICJtb2RlIjogInRpbWVkIiwgInRhcmdldCI6ICIyMS4wIiwgImV2ZW50cyI6IFt7InVudGlsIjogIjA4OjAwIiwgInRlbXAiOiAiMTUuMCJ9LCB7InVudGlsIjogIjA5OjAwIiwgInRlbXAiOiAiMjEuNSJ9LCB7InVudGlsIjogIjIyOjAwIiwgInRlbXAiOiAiMTYuMCJ9LCB7InVudGlsIjogIjIzOjAwIiwgInRlbXAiOiAiMjAuNSJ9XSwgInJlbGF5IjogIm9mZiIsICJyZWxheVR5cGUiOiAiU2hlbGx5IE9uZSIsICJwcm90ZWN0IjogIm5vIiwgImJvb3N0IjogMCwgImFkdmFuY2UiOiAiLSIsICJwcmV2bW9kZSI6ICJ0aW1lZCJ9LCB7Im5hbWUiOiAiQmVkcm9vbSAyIiwgInNlbnNvciI6ICJhNDpjMTozODo4MDowOTozMyIsICJyZWxheXMiOiBbIjE5Mi4xNjguMS4xMTEiXSwgIm1vZGUiOiAib2ZmIiwgInRhcmdldCI6IDIwLCAiZXZlbnRzIjogW3sidW50aWwiOiAiMDc6MDAiLCAidGVtcCI6ICIxNS4wIn0sIHsidW50aWwiOiAiMDk6MDAiLCAidGVtcCI6ICIyMi4wIn0sIHsidW50aWwiOiAiMjE6MDAiLCAidGVtcCI6ICIxNi4wIn0sIHsidW50aWwiOiAiMjI6MDAiLCAidGVtcCI6ICIyMC4wIn0sIHsidW50aWwiOiAiMjM6MDAiLCAidGVtcCI6ICIyMy4wIn1dLCAicmVsYXkiOiAib2ZmIiwgInJlbGF5VHlwZSI6ICJTaGVsbHkgT25lIiwgInByb3RlY3QiOiAibm8ifSwgeyJuYW1lIjogIk91dHNpZGUiLCAic2Vuc29yIjogIjE5Mi4xNjguMS4xMTIiLCAicmVsYXlzIjogWyIiXSwgIm1vZGUiOiAib2ZmIiwgInRhcmdldCI6IDIwLCAiZXZlbnRzIjogW3sidW50aWwiOiAiMDc6MDAiLCAidGVtcCI6IDE1fV0sICJyZWxheSI6ICJvZmYiLCAicHJvdGVjdCI6ICJ5ZXMiLCAicHRlbXAiOiAiMC4wIn1dfSwgeyJuYW1lIjogIkFsbCBvZmYiLCAicm9vbXMiOiBbeyJuYW1lIjogIktpdGNoZW4iLCAic2Vuc29yIjogImE0OmMxOjM4OjkxOmNjOjE0IiwgInJlbGF5cyI6IFsiMTkyLjE2OC4xLjEwMiIsICIxOTIuMTY4LjEuMTAzIl0sICJtb2RlIjogIm9mZiIsICJ0YXJnZXQiOiAiMjIuMCIsICJldmVudHMiOiBbXSwgInJlbGF5IjogIm9mZiIsICJwcm90ZWN0IjogIm5vIiwgImFkdmFuY2UiOiAiLSIsICJib29zdCI6IDE2ODMwMzE5MzMsICJyZWxheVR5cGUiOiAiU2hlbGx5IE9uZSIsICJwcmV2bW9kZSI6ICJvZmYifV19XSwgInByb2ZpbGUiOiAzLCAibmFtZSI6ICJPdXIgbGl0dGxlIG5lc3QiLCAicm9vbXMiOiBbeyJuYW1lIjogIktpdGNoZW4iLCAic2Vuc29yIjogIiIsICJyZWxheXMiOiBbXSwgIm1vZGUiOiAib2ZmIiwgInRhcmdldCI6IDIwLCAiZXZlbnRzIjogW3sidW50aWwiOiAiMDc6MDAiLCAidGVtcCI6IDE1fV0sICJyZWxheSI6ICJvZmYifSwgeyJuYW1lIjogIkxvdW5nZSIsICJzZW5zb3IiOiAiMTkyLjE2OC4xLjEwNCIsICJyZWxheXMiOiBbIjE5Mi4xNjguMS4xMDUiXSwgIm1vZGUiOiAib24iLCAidGFyZ2V0IjogIjIyLjUiLCAiZXZlbnRzIjogW10sICJyZWxheVR5cGUiOiAiU2hlbGx5IE9uZSIsICJwcm90ZWN0IjogIm5vIiwgImFkdmFuY2UiOiAiLSIsICJib29zdCI6IDB9XSwgInJlcXVlc3QiOiAiMTkyLjE2OC4xLjEwMCIsICJjYWxlbmRhci1kYXRhIjogW3siZGF5MC1wcm9maWxlIjogIk1vbmRheS1GcmlkYXkifSwgeyJkYXkxLXByb2ZpbGUiOiAiTW9uZGF5LUZyaWRheSJ9LCB7ImRheTItcHJvZmlsZSI6ICJNb25kYXktRnJpZGF5In0sIHsiZGF5My1wcm9maWxlIjogIk1vbmRheS1GcmlkYXkifSwgeyJkYXk0LXByb2ZpbGUiOiAiTW9uZGF5LUZyaWRheSJ9LCB7ImRheTUtcHJvZmlsZSI6ICJXZWVrZW5kIn0sIHsiZGF5Ni1wcm9maWxlIjogIldlZWtlbmQifV0sICJjYWxlbmRhciI6ICJvZmYiLCAibWVzc2FnZSI6ICJjb25maXJtIn0=', '', ''),
('e8:4e:06:26:cd:cb', '414322', 1688072437, 1688922984, '', '', 'eyJhY3R1YWwiOiAwLCAic3RhdHVzIjogIiIsICJhNDpjMTozODplYzo0MzoxOSI6IHsidGVtcGVyYXR1cmUiOiAiMjMuMCIsICJ0aW1lc3RhbXAiOiAiMTY4OTAwNDgxMyIsICJiYXR0ZXJ5IjogIjYyIiwgIlJTU0kiOiAiLTY4IiwgInN0YXR1cyI6ICJHb29kIiwgInJlbGF5IjogIm9mZiIsICJhZHZhbmNlIjogIi0ifSwgImE0OmMxOjM4OmFjOjNjOjhiIjogeyJ0ZW1wZXJhdHVyZSI6ICIyMy4xIiwgInRpbWVzdGFtcCI6ICIxNjg5MDA0ODEzIiwgImJhdHRlcnkiOiAiOTYiLCAiUlNTSSI6ICItNjciLCAic3RhdHVzIjogIkdvb2QiLCAicmVsYXkiOiAib2ZmIiwgImFkdmFuY2UiOiAiLSJ9LCAicHJvdGVjdCI6ICIiLCAiMTcyLjI0LjEuMTAxIjogeyJ0ZW1wZXJhdHVyZSI6ICIyMy4yIiwgInRpbWVzdGFtcCI6ICIxNjg4OTk3MzU3IiwgImJhdHRlcnkiOiAiMTAwIiwgInN0YXR1cyI6ICJHb29kIiwgInJlbGF5IjogIm9mZiIsICJhZHZhbmNlIjogIi0ifSwgInZlcnNpb24iOiAiNTAifQ==', 'eyJwcm9maWxlcyI6IFt7Im5hbWUiOiAiRGVmYXVsdCIsICJyb29tcyI6IFt7Im5hbWUiOiAiTG91bmdlIiwgInNlbnNvciI6ICJhNDpjMTozODplYzo0MzoxOSIsICJyZWxheXMiOiBbIjkwLzEwMSJdLCAibW9kZSI6ICJvZmYiLCAidGFyZ2V0IjogIjI1LjAiLCAiZXZlbnRzIjogW10sICJwcm90ZWN0IjogIm5vIiwgInJlbGF5VHlwZSI6ICJSQlIgUjEiLCAicHJldm1vZGUiOiAib2ZmIiwgImJvb3N0IjogMCwgImFkdmFuY2UiOiAiLSJ9LCB7Im5hbWUiOiAiQmVkcm9vbSIsICJzZW5zb3IiOiAiYTQ6YzE6Mzg6YWM6M2M6OGIiLCAicmVsYXlzIjogWyI5MC8xMDIiXSwgIm1vZGUiOiAib2ZmIiwgInRhcmdldCI6ICIyNi4wIiwgImV2ZW50cyI6IFt7InVudGlsIjogIjA3OjAwIiwgInRlbXAiOiAxNX1dLCAicmVsYXkiOiAib2ZmIiwgInByb3RlY3QiOiAibm8iLCAicmVsYXlUeXBlIjogIlRhc21vdGEiLCAiYWR2YW5jZSI6ICItIiwgInByZXZtb2RlIjogIm9mZiIsICJib29zdCI6IDB9LCB7Im5hbWUiOiAiT3V0c2lkZSIsICJzZW5zb3IiOiAiMTcyLjI0LjEuMTAxIiwgInJlbGF5cyI6IFsiIl0sICJtb2RlIjogIm9mZiIsICJ0YXJnZXQiOiAyMCwgImV2ZW50cyI6IFt7InVudGlsIjogIjA3OjAwIiwgInRlbXAiOiAxNX1dLCAicmVsYXkiOiAib2ZmIiwgInByb3RlY3QiOiAieWVzIiwgInB0ZW1wIjogIjAiLCAicmVsYXlUeXBlIjogIiJ9XSwgIm1lc3NhZ2UiOiAiT0sifV0sICJwcm9maWxlIjogMCwgIm5hbWUiOiAiUkJSIERlbW8iLCAiY2FsZW5kYXIiOiAib2ZmIiwgImNhbGVuZGFyLWRhdGEiOiAiIiwgIm1lc3NhZ2UiOiAiY29uZmlybSJ9', '', ''),
('e8:d5:57:51:0a:d7', '974653', 1684080975, 1687622008, 'eyJhY3Rpb24iOiJTeXN0ZW1OYW1lIiwiZGF0YSI6IlRQLUxpbmsgYXQgUUVENiJ9', '', 'eyJhY3R1YWwiOiAwLCAic3RhdHVzIjogIiIsICJ2ZXJzaW9uIjogIjQ0In0=', 'eyJzc2lkIjoiUkJSLTgwM2Y1ZGEzNGYwOSIsInBhc3N3b3JkIjoicjAwbThZcjAwbSJ9', '', '');

-- --------------------------------------------------------

--
-- Table structure for table `users`
--

CREATE TABLE `users` (
  `email` varchar(40) CHARACTER SET utf8mb4 COLLATE utf8mb4_general_ci NOT NULL,
  `password` char(7) CHARACTER SET utf8mb4 COLLATE utf8mb4_general_ci NOT NULL,
  `status` char(1) CHARACTER SET utf8mb4 COLLATE utf8mb4_general_ci NOT NULL DEFAULT '-',
  `systems` text COLLATE utf8mb4_general_ci NOT NULL
) ENGINE=InnoDB DEFAULT CHARSET=utf8mb4 COLLATE=utf8mb4_general_ci;

--
-- Dumping data for table `users`
--

INSERT INTO `users` (`email`, `password`, `status`, `systems`) VALUES
('anna@topcelebrant.com', '780561', '-', 'eyJPdXIgbGl0dGxlIG5lc3QiOnsibWFjIjoiODA6M2Y6NWQ6YTM6NGY6MDkiLCJwYXNzd29yZCI6IjcyOTM3NyJ9fQ=='),
('danboysk@yahoo.com', '829710', 'E', 'eyJSS1ctSG9tZSI6eyJtYWMiOiIxODpjMjowMDo3Mzo0NjpmZiIsInBhc3N3b3JkIjoiNDMwODA5In19'),
('gt@pobox.com', '767653', 'A', 'eyJPdXIgbGl0dGxlIG5lc3QiOnsibWFjIjoiODA6M2Y6NWQ6YTM6NGY6MDkiLCJwYXNzd29yZCI6IjcyOTM3NyJ9LCJSQlIgRGVtbyI6eyJtYWMiOiJlODo0ZTowNjoyNjpjZDpjYiIsInBhc3N3b3JkIjoiNDE0MzIyIn0sIlJLVy1Ib21lIjp7Im1hYyI6IjE4OmMyOjAwOjczOjQ2OmZmIiwicGFzc3dvcmQiOiI0MzA4MDkifX0=');

--
-- Indexes for dumped tables
--

--
-- Indexes for table `inventory`
--
ALTER TABLE `inventory`
  ADD UNIQUE KEY `Code` (`code`);

--
-- Indexes for table `relays`
--
ALTER TABLE `relays`
  ADD UNIQUE KEY `MAC+SENSOR` (`mac`,`sensor`),
  ADD KEY `relay` (`mac`,`sensor`);

--
-- Indexes for table `stats`
--
ALTER TABLE `stats`
  ADD UNIQUE KEY `keys` (`day`,`sensor`,`mac`) USING BTREE;

--
-- Indexes for table `systems`
--
ALTER TABLE `systems`
  ADD UNIQUE KEY `MAC` (`mac`);

--
-- Indexes for table `users`
--
ALTER TABLE `users`
  ADD PRIMARY KEY (`email`);
COMMIT;

/*!40101 SET CHARACTER_SET_CLIENT=@OLD_CHARACTER_SET_CLIENT */;
/*!40101 SET CHARACTER_SET_RESULTS=@OLD_CHARACTER_SET_RESULTS */;
/*!40101 SET COLLATION_CONNECTION=@OLD_COLLATION_CONNECTION */;
